CostType,SmartContractCost,TraditionalCost,Difference,PercentageDifference
SafeGasPrice,0.544528836,1.0,0.455471164,45.5471164
ProposeGasPrice,0.545432808,1.2,0.6545671919999999,54.54726599999999
FastGasPrice,0.598981719,1.5,0.901018281,60.0678854
