CostType,SmartContractCost,TraditionalCost,Difference,PercentageDifference
SafeGasPrice,0.503127408,1.0,0.496872592,49.6872592
ProposeGasPrice,0.50403138,1.2,0.6959686199999999,57.997385
FastGasPrice,0.554434518,1.5,0.945565482,63.037698799999994
